date,product_id,product_name,category,sales_qty,unit_price,stock_on_hand,reorder_point,promo,supplier_lead_days
2025-11-20,SKU-114,GoPro Hero 13 Black,Cameras,2,54999,98,25,0,18
2025-11-20,SKU-108,Tesla Wireless Charging Pad 45W,Charging,15,5999,235,50,0,8
2025-11-20,SKU-106,Sony WH-1000XM6 Headphones,Audio,6,34999,114,30,0,12
2025-11-20,SKU-107,Apple Watch Series 10 Sport Band,Wearables,75,4999,225,60,0,10
2025-11-20,SKU-101,iPhone 16 Pro Max Case,Mobile Accessories,34,1299,466,100,1,7
2025-11-20,SKU-113,DJI Mini 4 Pro Drone,Drones,9,89999,41,10,0,28
2025-11-21,SKU-110,Logitech MX Master 4S Mouse,PC Accessories,17,9999,163,40,0,12
2025-11-21,SKU-104,Meta Quest 4 VR Headset,Gaming,9,49999,71,20,0,21
2025-11-21,SKU-113,DJI Mini 4 Pro Drone,Drones,11,89999,30,10,1,28
2025-11-22,SKU-108,Tesla Wireless Charging Pad 45W,Charging,22,5999,213,50,1,8
2025-11-22,SKU-115,Nothing Ear 2 Pro TWS Earbuds,Audio,63,12999,157,50,1,10
2025-11-22,SKU-102,Samsung Galaxy S25 Ultra Screen Protector,Mobile Accessories,55,599,645,150,1,5
2025-11-23,SKU-109,Anker Prime Power Bank 27650mAh,Charging,39,8999,161,50,0,10
2025-11-23,SKU-101,iPhone 16 Pro Max Case,Mobile Accessories,59,1299,407,100,0,7
2025-11-23,SKU-107,Apple Watch Series 10 Sport Band,Wearables,36,4999,189,60,0,10
2025-11-23,SKU-111,Razer Viper V3 Pro Gaming Mouse,Gaming,28,14999,122,30,0,14
2025-11-23,SKU-104,Meta Quest 4 VR Headset,Gaming,2,49999,69,20,1,21
2025-11-23,SKU-110,Logitech MX Master 4S Mouse,PC Accessories,22,9999,141,40,1,12
2025-11-24,SKU-107,Apple Watch Series 10 Sport Band,Wearables,46,4999,143,60,0,10
2025-11-24,SKU-111,Razer Viper V3 Pro Gaming Mouse,Gaming,16,14999,106,30,0,14
2025-11-24,SKU-106,Sony WH-1000XM6 Headphones,Audio,4,34999,110,30,0,12
2025-11-24,SKU-110,Logitech MX Master 4S Mouse,PC Accessories,24,9999,117,40,0,12
2025-11-24,SKU-113,DJI Mini 4 Pro Drone,Drones,2,89999,28,10,1,28
2025-11-24,SKU-105,Google Pixel 9 Pro Fold Case,Mobile Accessories,58,1499,342,80,0,7
2025-11-25,SKU-110,Logitech MX Master 4S Mouse,PC Accessories,15,9999,102,40,0,12
2025-11-25,SKU-112,Steam Deck OLED 1TB,Gaming,9,64999,51,15,0,21
2025-11-25,SKU-111,Razer Viper V3 Pro Gaming Mouse,Gaming,48,14999,58,30,0,14
2025-11-25,SKU-105,Google Pixel 9 Pro Fold Case,Mobile Accessories,38,1499,304,80,1,7
2025-11-26,SKU-102,Samsung Galaxy S25 Ultra Screen Protector,Mobile Accessories,28,599,617,150,0,5
2025-11-26,SKU-114,GoPro Hero 13 Black,Cameras,4,54999,94,25,0,18
2025-11-26,SKU-108,Tesla Wireless Charging Pad 45W,Charging,32,5999,181,50,0,8
2025-11-26,SKU-115,Nothing Ear 2 Pro TWS Earbuds,Audio,35,12999,122,50,1,10
2025-11-27,SKU-105,Google Pixel 9 Pro Fold Case,Mobile Accessories,78,1499,226,80,0,7
2025-11-27,SKU-111,Razer Viper V3 Pro Gaming Mouse,Gaming,11,14999,47,30,0,14
2025-11-27,SKU-112,Steam Deck OLED 1TB,Gaming,13,64999,38,15,1,21
2025-11-27,SKU-115,Nothing Ear 2 Pro TWS Earbuds,Audio,44,12999,78,50,0,10
2025-11-28,SKU-101,iPhone 16 Pro Max Case,Mobile Accessories,65,1299,342,100,1,7
2025-11-28,SKU-113,DJI Mini 4 Pro Drone,Drones,6,89999,22,10,0,28
2025-11-28,SKU-104,Meta Quest 4 VR Headset,Gaming,2,49999,67,20,0,21
2025-11-29,SKU-114,GoPro Hero 13 Black,Cameras,10,54999,84,25,0,18
2025-11-29,SKU-112,Steam Deck OLED 1TB,Gaming,7,64999,31,15,1,21
2025-11-29,SKU-108,Tesla Wireless Charging Pad 45W,Charging,35,5999,146,50,0,8
2025-11-29,SKU-111,Razer Viper V3 Pro Gaming Mouse,Gaming,29,14999,18,30,0,14
2025-11-29,SKU-103,AirPods Pro 3 (2026),Audio,15,28999,135,40,0,14
2025-11-30,SKU-113,DJI Mini 4 Pro Drone,Drones,11,89999,11,10,0,28
2025-11-30,SKU-108,Tesla Wireless Charging Pad 45W,Charging,26,5999,120,50,0,8
2025-11-30,SKU-110,Logitech MX Master 4S Mouse,PC Accessories,26,9999,76,40,0,12
2025-11-30,SKU-105,Google Pixel 9 Pro Fold Case,Mobile Accessories,106,1499,120,80,1,7
2025-11-30,SKU-114,GoPro Hero 13 Black,Cameras,11,54999,73,25,0,18
2025-12-01,SKU-111,Razer Viper V3 Pro Gaming Mouse,Gaming,39,14999,129,30,0,14
2025-12-01,SKU-113,DJI Mini 4 Pro Drone,Drones,10,89999,1,10,1,28
2025-12-01,SKU-102,Samsung Galaxy S25 Ultra Screen Protector,Mobile Accessories,28,599,589,150,0,5
2025-12-01,SKU-107,Apple Watch Series 10 Sport Band,Wearables,67,4999,76,60,0,10
2025-12-01,SKU-115,Nothing Ear 2 Pro TWS Earbuds,Audio,11,12999,67,50,0,10
2025-12-02,SKU-108,Tesla Wireless Charging Pad 45W,Charging,28,5999,92,50,0,8
2025-12-02,SKU-111,Razer Viper V3 Pro Gaming Mouse,Gaming,13,14999,116,30,0,14
2025-12-02,SKU-107,Apple Watch Series 10 Sport Band,Wearables,102,4999,274,60,1,10
2025-12-02,SKU-104,Meta Quest 4 VR Headset,Gaming,3,49999,64,20,0,21
2025-12-02,SKU-114,GoPro Hero 13 Black,Cameras,9,54999,64,25,1,18
2025-12-03,SKU-101,iPhone 16 Pro Max Case,Mobile Accessories,90,1299,252,100,0,7
2025-12-03,SKU-115,Nothing Ear 2 Pro TWS Earbuds,Audio,21,12999,46,50,1,10
2025-12-03,SKU-112,Steam Deck OLED 1TB,Gaming,7,64999,24,15,0,21
2025-12-03,SKU-103,AirPods Pro 3 (2026),Audio,24,28999,111,40,1,14
2025-12-03,SKU-104,Meta Quest 4 VR Headset,Gaming,3,49999,61,20,1,21
2025-12-03,SKU-109,Anker Prime Power Bank 27650mAh,Charging,37,8999,124,50,1,10
2025-12-04,SKU-114,GoPro Hero 13 Black,Cameras,6,54999,58,25,0,18
2025-12-04,SKU-104,Meta Quest 4 VR Headset,Gaming,10,49999,51,20,1,21
2025-12-04,SKU-106,Sony WH-1000XM6 Headphones,Audio,19,34999,91,30,0,12
2025-12-04,SKU-112,Steam Deck OLED 1TB,Gaming,2,64999,22,15,0,21
2025-12-04,SKU-113,DJI Mini 4 Pro Drone,Drones,1,89999,0,10,1,28
2025-12-04,SKU-108,Tesla Wireless Charging Pad 45W,Charging,25,5999,67,50,0,8
2025-12-05,SKU-105,Google Pixel 9 Pro Fold Case,Mobile Accessories,120,1499,0,80,0,7
2025-12-05,SKU-110,Logitech MX Master 4S Mouse,PC Accessories,50,9999,26,40,0,12
2025-12-05,SKU-107,Apple Watch Series 10 Sport Band,Wearables,85,4999,189,60,0,10
2025-12-06,SKU-113,DJI Mini 4 Pro Drone,Drones,1,89999,49,10,0,28
2025-12-06,SKU-112,Steam Deck OLED 1TB,Gaming,1,64999,21,15,1,21
2025-12-06,SKU-102,Samsung Galaxy S25 Ultra Screen Protector,Mobile Accessories,86,599,503,150,0,5
2025-12-06,SKU-108,Tesla Wireless Charging Pad 45W,Charging,41,5999,26,50,0,8
2025-12-06,SKU-109,Anker Prime Power Bank 27650mAh,Charging,67,8999,57,50,0,10
2025-12-07,SKU-114,GoPro Hero 13 Black,Cameras,10,54999,48,25,0,18
2025-12-07,SKU-107,Apple Watch Series 10 Sport Band,Wearables,45,4999,144,60,0,10
2025-12-07,SKU-110,Logitech MX Master 4S Mouse,PC Accessories,28,9999,178,40,0,12
2025-12-08,SKU-102,Samsung Galaxy S25 Ultra Screen Protector,Mobile Accessories,59,599,444,150,0,5
2025-12-08,SKU-106,Sony WH-1000XM6 Headphones,Audio,8,34999,83,30,0,12
2025-12-08,SKU-105,Google Pixel 9 Pro Fold Case,Mobile Accessories,43,1499,357,80,0,7
2025-12-08,SKU-114,GoPro Hero 13 Black,Cameras,6,54999,42,25,0,18
2025-12-08,SKU-113,DJI Mini 4 Pro Drone,Drones,3,89999,46,10,1,28
2025-12-09,SKU-109,Anker Prime Power Bank 27650mAh,Charging,18,8999,39,50,0,10
2025-12-09,SKU-115,Nothing Ear 2 Pro TWS Earbuds,Audio,43,12999,3,50,0,10
2025-12-09,SKU-114,GoPro Hero 13 Black,Cameras,4,54999,38,25,1,18
2025-12-10,SKU-106,Sony WH-1000XM6 Headphones,Audio,8,34999,75,30,0,12
2025-12-10,SKU-110,Logitech MX Master 4S Mouse,PC Accessories,16,9999,162,40,1,12
2025-12-10,SKU-101,iPhone 16 Pro Max Case,Mobile Accessories,50,1299,202,100,0,7
2025-12-11,SKU-110,Logitech MX Master 4S Mouse,PC Accessories,45,9999,117,40,0,12
2025-12-11,SKU-101,iPhone 16 Pro Max Case,Mobile Accessories,94,1299,108,100,1,7
2025-12-11,SKU-106,Sony WH-1000XM6 Headphones,Audio,6,34999,69,30,0,12
2025-12-11,SKU-111,Razer Viper V3 Pro Gaming Mouse,Gaming,21,14999,95,30,0,14
2025-12-11,SKU-104,Meta Quest 4 VR Headset,Gaming,11,49999,40,20,0,21
2025-12-11,SKU-109,Anker Prime Power Bank 27650mAh,Charging,46,8999,193,50,0,10
2025-12-12,SKU-110,Logitech MX Master 4S Mouse,PC Accessories,84,9999,33,40,1,12
2025-12-12,SKU-113,DJI Mini 4 Pro Drone,Drones,11,89999,35,10,1,28
2025-12-12,SKU-105,Google Pixel 9 Pro Fold Case,Mobile Accessories,47,1499,310,80,0,7
2025-12-13,SKU-102,Samsung Galaxy S25 Ultra Screen Protector,Mobile Accessories,126,599,318,150,0,5
2025-12-13,SKU-105,Google Pixel 9 Pro Fold Case,Mobile Accessories,102,1499,208,80,0,7
2025-12-13,SKU-107,Apple Watch Series 10 Sport Band,Wearables,117,4999,27,60,0,10
2025-12-13,SKU-101,iPhone 16 Pro Max Case,Mobile Accessories,54,1299,54,100,0,7
2025-12-14,SKU-101,iPhone 16 Pro Max Case,Mobile Accessories,32,1299,22,100,0,7
2025-12-14,SKU-111,Razer Viper V3 Pro Gaming Mouse,Gaming,55,14999,40,30,1,14
2025-12-14,SKU-114,GoPro Hero 13 Black,Cameras,4,54999,34,25,0,18
2025-12-14,SKU-115,Nothing Ear 2 Pro TWS Earbuds,Audio,43,12999,180,50,0,10
2025-12-14,SKU-109,Anker Prime Power Bank 27650mAh,Charging,42,8999,151,50,0,10
2025-12-14,SKU-113,DJI Mini 4 Pro Drone,Drones,4,89999,31,10,0,28
2025-12-15,SKU-101,iPhone 16 Pro Max Case,Mobile Accessories,35,1299,487,100,0,7
2025-12-15,SKU-103,AirPods Pro 3 (2026),Audio,25,28999,86,40,1,14
2025-12-15,SKU-112,Steam Deck OLED 1TB,Gaming,11,64999,10,15,0,21
2025-12-15,SKU-109,Anker Prime Power Bank 27650mAh,Charging,26,8999,125,50,0,10
2025-12-16,SKU-108,Tesla Wireless Charging Pad 45W,Charging,45,5999,231,50,0,8
2025-12-16,SKU-103,AirPods Pro 3 (2026),Audio,46,28999,40,40,1,14
2025-12-16,SKU-107,Apple Watch Series 10 Sport Band,Wearables,53,4999,274,60,1,10
2025-12-16,SKU-115,Nothing Ear 2 Pro TWS Earbuds,Audio,36,12999,144,50,1,10
2025-12-16,SKU-113,DJI Mini 4 Pro Drone,Drones,7,89999,24,10,0,28
2025-12-17,SKU-101,iPhone 16 Pro Max Case,Mobile Accessories,86,1299,401,100,0,7
2025-12-17,SKU-111,Razer Viper V3 Pro Gaming Mouse,Gaming,29,14999,11,30,1,14
2025-12-17,SKU-102,Samsung Galaxy S25 Ultra Screen Protector,Mobile Accessories,64,599,254,150,0,5
2025-12-17,SKU-104,Meta Quest 4 VR Headset,Gaming,13,49999,27,20,1,21
2025-12-18,SKU-101,iPhone 16 Pro Max Case,Mobile Accessories,59,1299,342,100,1,7
2025-12-18,SKU-109,Anker Prime Power Bank 27650mAh,Charging,47,8999,78,50,0,10
2025-12-18,SKU-106,Sony WH-1000XM6 Headphones,Audio,15,34999,54,30,0,12
2025-12-19,SKU-108,Tesla Wireless Charging Pad 45W,Charging,61,5999,170,50,0,8
2025-12-19,SKU-115,Nothing Ear 2 Pro TWS Earbuds,Audio,46,12999,98,50,0,10
2025-12-19,SKU-101,iPhone 16 Pro Max Case,Mobile Accessories,80,1299,262,100,1,7
2025-12-19,SKU-109,Anker Prime Power Bank 27650mAh,Charging,65,8999,13,50,0,10
2025-12-19,SKU-114,GoPro Hero 13 Black,Cameras,7,54999,27,25,0,18
2025-12-19,SKU-107,Apple Watch Series 10 Sport Band,Wearables,97,4999,177,60,1,10
2025-12-20,SKU-102,Samsung Galaxy S25 Ultra Screen Protector,Mobile Accessories,106,599,148,150,0,5
2025-12-20,SKU-115,Nothing Ear 2 Pro TWS Earbuds,Audio,45,12999,53,50,1,10
2025-12-20,SKU-107,Apple Watch Series 10 Sport Band,Wearables,37,4999,140,60,1,10
2025-12-20,SKU-103,AirPods Pro 3 (2026),Audio,30,28999,10,40,0,14
2025-12-20,SKU-106,Sony WH-1000XM6 Headphones,Audio,33,34999,21,30,0,12
2025-12-20,SKU-104,Meta Quest 4 VR Headset,Gaming,2,49999,25,20,0,21
2025-12-21,SKU-110,Logitech MX Master 4S Mouse,PC Accessories,20,9999,13,40,0,12
2025-12-21,SKU-104,Meta Quest 4 VR Headset,Gaming,3,49999,22,20,0,21
2025-12-21,SKU-101,iPhone 16 Pro Max Case,Mobile Accessories,62,1299,200,100,1,7
2025-12-21,SKU-106,Sony WH-1000XM6 Headphones,Audio,8,34999,13,30,0,12
2025-12-21,SKU-102,Samsung Galaxy S25 Ultra Screen Protector,Mobile Accessories,44,599,104,150,1,5
2025-12-22,SKU-114,GoPro Hero 13 Black,Cameras,11,54999,16,25,0,18
2025-12-22,SKU-111,Razer Viper V3 Pro Gaming Mouse,Gaming,15,14999,146,30,0,14
2025-12-22,SKU-115,Nothing Ear 2 Pro TWS Earbuds,Audio,34,12999,19,50,0,10
2025-12-23,SKU-106,Sony WH-1000XM6 Headphones,Audio,33,34999,100,30,1,12
2025-12-23,SKU-110,Logitech MX Master 4S Mouse,PC Accessories,48,9999,145,40,0,12
2025-12-23,SKU-103,AirPods Pro 3 (2026),Audio,13,28999,147,40,0,14
2025-12-23,SKU-108,Tesla Wireless Charging Pad 45W,Charging,37,5999,133,50,0,8
2025-12-23,SKU-105,Google Pixel 9 Pro Fold Case,Mobile Accessories,74,1499,134,80,0,7
2025-12-23,SKU-111,Razer Viper V3 Pro Gaming Mouse,Gaming,46,14999,100,30,0,14
2025-12-24,SKU-114,GoPro Hero 13 Black,Cameras,7,54999,9,25,0,18
2025-12-24,SKU-104,Meta Quest 4 VR Headset,Gaming,1,49999,21,20,0,21
2025-12-24,SKU-107,Apple Watch Series 10 Sport Band,Wearables,68,4999,72,60,0,10
2025-12-24,SKU-102,Samsung Galaxy S25 Ultra Screen Protector,Mobile Accessories,39,599,65,150,1,5
2025-12-25,SKU-102,Samsung Galaxy S25 Ultra Screen Protector,Mobile Accessories,84,599,681,150,1,5
2025-12-25,SKU-107,Apple Watch Series 10 Sport Band,Wearables,78,4999,294,60,0,10
2025-12-25,SKU-108,Tesla Wireless Charging Pad 45W,Charging,29,5999,104,50,1,8
2025-12-25,SKU-111,Razer Viper V3 Pro Gaming Mouse,Gaming,30,14999,70,30,1,14
2025-12-25,SKU-115,Nothing Ear 2 Pro TWS Earbuds,Audio,76,12999,163,50,0,10
2025-12-25,SKU-105,Google Pixel 9 Pro Fold Case,Mobile Accessories,33,1499,101,80,0,7
2025-12-26,SKU-102,Samsung Galaxy S25 Ultra Screen Protector,Mobile Accessories,42,599,639,150,0,5
2025-12-26,SKU-108,Tesla Wireless Charging Pad 45W,Charging,45,5999,59,50,1,8
2025-12-26,SKU-114,GoPro Hero 13 Black,Cameras,12,54999,97,25,1,18
2025-12-26,SKU-115,Nothing Ear 2 Pro TWS Earbuds,Audio,51,12999,112,50,0,10
2025-12-27,SKU-103,AirPods Pro 3 (2026),Audio,28,28999,119,40,0,14
2025-12-27,SKU-105,Google Pixel 9 Pro Fold Case,Mobile Accessories,62,1499,39,80,0,7
2025-12-27,SKU-107,Apple Watch Series 10 Sport Band,Wearables,44,4999,250,60,0,10
2025-12-27,SKU-113,DJI Mini 4 Pro Drone,Drones,12,89999,12,10,0,28
2025-12-27,SKU-108,Tesla Wireless Charging Pad 45W,Charging,18,5999,41,50,0,8
2025-12-28,SKU-107,Apple Watch Series 10 Sport Band,Wearables,78,4999,172,60,0,10
2025-12-28,SKU-106,Sony WH-1000XM6 Headphones,Audio,6,34999,94,30,1,12
2025-12-28,SKU-114,GoPro Hero 13 Black,Cameras,2,54999,95,25,0,18
2025-12-28,SKU-105,Google Pixel 9 Pro Fold Case,Mobile Accessories,85,1499,354,80,0,7
2025-12-28,SKU-101,iPhone 16 Pro Max Case,Mobile Accessories,50,1299,150,100,0,7
2025-12-29,SKU-110,Logitech MX Master 4S Mouse,PC Accessories,40,9999,105,40,0,12
2025-12-29,SKU-112,Steam Deck OLED 1TB,Gaming,8,64999,2,15,0,21
2025-12-29,SKU-108,Tesla Wireless Charging Pad 45W,Charging,23,5999,18,50,0,8
2025-12-29,SKU-106,Sony WH-1000XM6 Headphones,Audio,7,34999,87,30,0,12
2025-12-30,SKU-114,GoPro Hero 13 Black,Cameras,7,54999,88,25,0,18
2025-12-30,SKU-104,Meta Quest 4 VR Headset,Gaming,11,49999,10,20,0,21
2025-12-30,SKU-113,DJI Mini 4 Pro Drone,Drones,2,89999,10,10,0,28
2025-12-30,SKU-108,Tesla Wireless Charging Pad 45W,Charging,11,5999,7,50,0,8
2025-12-31,SKU-104,Meta Quest 4 VR Headset,Gaming,15,49999,75,20,0,21
2025-12-31,SKU-103,AirPods Pro 3 (2026),Audio,20,28999,99,40,1,14
2025-12-31,SKU-115,Nothing Ear 2 Pro TWS Earbuds,Audio,51,12999,61,50,1,10
2026-01-01,SKU-102,Samsung Galaxy S25 Ultra Screen Protector,Mobile Accessories,51,599,588,150,1,5
2026-01-01,SKU-105,Google Pixel 9 Pro Fold Case,Mobile Accessories,53,1499,301,80,0,7
2026-01-01,SKU-112,Steam Deck OLED 1TB,Gaming,18,64999,44,15,0,21
2026-01-01,SKU-104,Meta Quest 4 VR Headset,Gaming,19,49999,56,20,1,21
2026-01-01,SKU-109,Anker Prime Power Bank 27650mAh,Charging,21,8999,192,50,0,10
2026-01-02,SKU-105,Google Pixel 9 Pro Fold Case,Mobile Accessories,75,1499,226,80,0,7
2026-01-02,SKU-109,Anker Prime Power Bank 27650mAh,Charging,50,8999,142,50,0,10
2026-01-02,SKU-111,Razer Viper V3 Pro Gaming Mouse,Gaming,18,14999,52,30,1,14
2026-01-02,SKU-106,Sony WH-1000XM6 Headphones,Audio,17,34999,70,30,0,12
2026-01-02,SKU-108,Tesla Wireless Charging Pad 45W,Charging,48,5999,209,50,1,8
2026-01-03,SKU-103,AirPods Pro 3 (2026),Audio,33,28999,66,40,0,14
2026-01-03,SKU-111,Razer Viper V3 Pro Gaming Mouse,Gaming,30,14999,22,30,0,14
2026-01-03,SKU-109,Anker Prime Power Bank 27650mAh,Charging,22,8999,120,50,0,10
2026-01-04,SKU-112,Steam Deck OLED 1TB,Gaming,7,64999,37,15,1,21
2026-01-04,SKU-111,Razer Viper V3 Pro Gaming Mouse,Gaming,43,14999,129,30,0,14
2026-01-04,SKU-103,AirPods Pro 3 (2026),Audio,15,28999,51,40,0,14
2026-01-04,SKU-109,Anker Prime Power Bank 27650mAh,Charging,21,8999,99,50,0,10
2026-01-04,SKU-102,Samsung Galaxy S25 Ultra Screen Protector,Mobile Accessories,50,599,538,150,0,5
2026-01-04,SKU-101,iPhone 16 Pro Max Case,Mobile Accessories,62,1299,88,100,0,7
2026-01-05,SKU-101,iPhone 16 Pro Max Case,Mobile Accessories,56,1299,32,100,0,7
2026-01-05,SKU-108,Tesla Wireless Charging Pad 45W,Charging,47,5999,162,50,0,8
2026-01-05,SKU-103,AirPods Pro 3 (2026),Audio,11,28999,40,40,0,14
2026-01-05,SKU-105,Google Pixel 9 Pro Fold Case,Mobile Accessories,22,1499,204,80,0,7
2026-01-06,SKU-113,DJI Mini 4 Pro Drone,Drones,9,89999,1,10,0,28
2026-01-06,SKU-109,Anker Prime Power Bank 27650mAh,Charging,23,8999,76,50,0,10
2026-01-06,SKU-101,iPhone 16 Pro Max Case,Mobile Accessories,77,1299,455,100,0,7
2026-01-06,SKU-107,Apple Watch Series 10 Sport Band,Wearables,65,4999,107,60,0,10
2026-01-06,SKU-102,Samsung Galaxy S25 Ultra Screen Protector,Mobile Accessories,75,599,463,150,1,5
2026-01-06,SKU-112,Steam Deck OLED 1TB,Gaming,2,64999,35,15,0,21
2026-01-07,SKU-104,Meta Quest 4 VR Headset,Gaming,11,49999,45,20,0,21
2026-01-07,SKU-115,Nothing Ear 2 Pro TWS Earbuds,Audio,30,12999,31,50,0,10
2026-01-07,SKU-109,Anker Prime Power Bank 27650mAh,Charging,35,8999,41,50,0,10
2026-01-07,SKU-114,GoPro Hero 13 Black,Cameras,9,54999,79,25,0,18
2026-01-08,SKU-110,Logitech MX Master 4S Mouse,PC Accessories,34,9999,71,40,0,12
2026-01-08,SKU-105,Google Pixel 9 Pro Fold Case,Mobile Accessories,44,1499,160,80,0,7
2026-01-08,SKU-102,Samsung Galaxy S25 Ultra Screen Protector,Mobile Accessories,90,599,373,150,1,5
2026-01-08,SKU-113,DJI Mini 4 Pro Drone,Drones,5,89999,46,10,0,28
2026-01-08,SKU-106,Sony WH-1000XM6 Headphones,Audio,26,34999,44,30,0,12
2026-01-09,SKU-108,Tesla Wireless Charging Pad 45W,Charging,22,5999,140,50,0,8
2026-01-09,SKU-107,Apple Watch Series 10 Sport Band,Wearables,51,4999,56,60,1,10
2026-01-09,SKU-114,GoPro Hero 13 Black,Cameras,4,54999,75,25,0,18
2026-01-09,SKU-109,Anker Prime Power Bank 27650mAh,Charging,63,8999,178,50,0,10
2026-01-09,SKU-103,AirPods Pro 3 (2026),Audio,16,28999,24,40,0,14
2026-01-09,SKU-104,Meta Quest 4 VR Headset,Gaming,13,49999,32,20,0,21
2026-01-10,SKU-109,Anker Prime Power Bank 27650mAh,Charging,58,8999,120,50,1,10
2026-01-10,SKU-102,Samsung Galaxy S25 Ultra Screen Protector,Mobile Accessories,74,599,299,150,1,5
2026-01-10,SKU-107,Apple Watch Series 10 Sport Band,Wearables,50,4999,6,60,0,10
2026-01-10,SKU-101,iPhone 16 Pro Max Case,Mobile Accessories,99,1299,356,100,0,7
2026-01-11,SKU-112,Steam Deck OLED 1TB,Gaming,9,64999,26,15,0,21
2026-01-11,SKU-107,Apple Watch Series 10 Sport Band,Wearables,70,4999,236,60,0,10
2026-01-11,SKU-110,Logitech MX Master 4S Mouse,PC Accessories,29,9999,42,40,0,12
2026-01-11,SKU-105,Google Pixel 9 Pro Fold Case,Mobile Accessories,100,1499,60,80,1,7
2026-01-12,SKU-108,Tesla Wireless Charging Pad 45W,Charging,33,5999,107,50,0,8
2026-01-12,SKU-113,DJI Mini 4 Pro Drone,Drones,2,89999,44,10,0,28
2026-01-12,SKU-102,Samsung Galaxy S25 Ultra Screen Protector,Mobile Accessories,23,599,276,150,0,5
2026-01-12,SKU-106,Sony WH-1000XM6 Headphones,Audio,13,34999,31,30,0,12
2026-01-12,SKU-111,Razer Viper V3 Pro Gaming Mouse,Gaming,11,14999,118,30,0,14
2026-01-13,SKU-107,Apple Watch Series 10 Sport Band,Wearables,84,4999,152,60,0,10
2026-01-13,SKU-112,Steam Deck OLED 1TB,Gaming,3,64999,23,15,0,21
2026-01-13,SKU-108,Tesla Wireless Charging Pad 45W,Charging,22,5999,85,50,0,8
2026-01-13,SKU-104,Meta Quest 4 VR Headset,Gaming,6,49999,26,20,0,21
2026-01-13,SKU-110,Logitech MX Master 4S Mouse,PC Accessories,54,9999,168,40,1,12
2026-01-14,SKU-109,Anker Prime Power Bank 27650mAh,Charging,28,8999,92,50,0,10
2026-01-14,SKU-112,Steam Deck OLED 1TB,Gaming,3,64999,20,15,0,21
2026-01-14,SKU-104,Meta Quest 4 VR Headset,Gaming,9,49999,17,20,0,21
2026-01-15,SKU-103,AirPods Pro 3 (2026),Audio,23,28999,1,40,0,14
2026-01-15,SKU-112,Steam Deck OLED 1TB,Gaming,2,64999,18,15,0,21
2026-01-15,SKU-111,Razer Viper V3 Pro Gaming Mouse,Gaming,34,14999,84,30,0,14
2026-01-15,SKU-109,Anker Prime Power Bank 27650mAh,Charging,14,8999,78,50,0,10
2026-01-15,SKU-108,Tesla Wireless Charging Pad 45W,Charging,13,5999,72,50,0,8
2026-01-15,SKU-104,Meta Quest 4 VR Headset,Gaming,4,49999,13,20,0,21
2026-01-16,SKU-110,Logitech MX Master 4S Mouse,PC Accessories,40,9999,128,40,0,12
2026-01-16,SKU-115,Nothing Ear 2 Pro TWS Earbuds,Audio,19,12999,12,50,0,10
2026-01-16,SKU-113,DJI Mini 4 Pro Drone,Drones,7,89999,37,10,0,28
2026-01-16,SKU-109,Anker Prime Power Bank 27650mAh,Charging,23,8999,55,50,0,10
2026-01-17,SKU-107,Apple Watch Series 10 Sport Band,Wearables,140,4999,12,60,1,10
2026-01-17,SKU-102,Samsung Galaxy S25 Ultra Screen Protector,Mobile Accessories,73,599,203,150,0,5
2026-01-17,SKU-113,DJI Mini 4 Pro Drone,Drones,7,89999,30,10,0,28
2026-01-17,SKU-104,Meta Quest 4 VR Headset,Gaming,12,49999,1,20,0,21
2026-01-17,SKU-108,Tesla Wireless Charging Pad 45W,Charging,23,5999,49,50,0,8
2026-01-18,SKU-115,Nothing Ear 2 Pro TWS Earbuds,Audio,40,12999,192,50,0,10
2026-01-18,SKU-112,Steam Deck OLED 1TB,Gaming,4,64999,14,15,0,21
2026-01-18,SKU-110,Logitech MX Master 4S Mouse,PC Accessories,45,9999,83,40,0,12
2026-01-18,SKU-101,iPhone 16 Pro Max Case,Mobile Accessories,81,1299,275,100,1,7
2026-01-19,SKU-101,iPhone 16 Pro Max Case,Mobile Accessories,53,1299,222,100,0,7
2026-01-19,SKU-106,Sony WH-1000XM6 Headphones,Audio,16,34999,15,30,0,12
2026-01-19,SKU-111,Razer Viper V3 Pro Gaming Mouse,Gaming,47,14999,37,30,0,14
2026-01-19,SKU-110,Logitech MX Master 4S Mouse,PC Accessories,16,9999,67,40,0,12
2026-01-19,SKU-105,Google Pixel 9 Pro Fold Case,Mobile Accessories,43,1499,17,80,0,7
2026-01-20,SKU-112,Steam Deck OLED 1TB,Gaming,1,64999,13,15,0,21
2026-01-20,SKU-107,Apple Watch Series 10 Sport Band,Wearables,51,4999,261,60,0,10
2026-01-20,SKU-110,Logitech MX Master 4S Mouse,PC Accessories,18,9999,49,40,0,12
2026-01-20,SKU-115,Nothing Ear 2 Pro TWS Earbuds,Audio,50,12999,142,50,0,10
2026-01-20,SKU-104,Meta Quest 4 VR Headset,Gaming,2,49999,79,20,0,21
2026-01-20,SKU-109,Anker Prime Power Bank 27650mAh,Charging,42,8999,13,50,0,10
2026-01-21,SKU-107,Apple Watch Series 10 Sport Band,Wearables,44,4999,217,60,1,10
2026-01-21,SKU-115,Nothing Ear 2 Pro TWS Earbuds,Audio,57,12999,85,50,1,10
2026-01-21,SKU-113,DJI Mini 4 Pro Drone,Drones,2,89999,28,10,0,28
2026-01-21,SKU-109,Anker Prime Power Bank 27650mAh,Charging,12,8999,1,50,0,10
2026-01-22,SKU-105,Google Pixel 9 Pro Fold Case,Mobile Accessories,50,1499,367,80,1,7
2026-01-22,SKU-109,Anker Prime Power Bank 27650mAh,Charging,23,8999,178,50,0,10
2026-01-22,SKU-110,Logitech MX Master 4S Mouse,PC Accessories,23,9999,26,40,0,12
2026-01-22,SKU-101,iPhone 16 Pro Max Case,Mobile Accessories,72,1299,150,100,0,7
2026-01-22,SKU-108,Tesla Wireless Charging Pad 45W,Charging,26,5999,23,50,0,8
2026-01-22,SKU-113,DJI Mini 4 Pro Drone,Drones,9,89999,19,10,0,28
2026-01-23,SKU-110,Logitech MX Master 4S Mouse,PC Accessories,78,9999,128,40,1,12
2026-01-23,SKU-103,AirPods Pro 3 (2026),Audio,27,28999,124,40,0,14
2026-01-23,SKU-111,Razer Viper V3 Pro Gaming Mouse,Gaming,25,14999,12,30,0,14
2026-01-23,SKU-112,Steam Deck OLED 1TB,Gaming,13,64999,0,15,1,21
2026-01-24,SKU-104,Meta Quest 4 VR Headset,Gaming,6,49999,73,20,0,21
2026-01-24,SKU-108,Tesla Wireless Charging Pad 45W,Charging,50,5999,223,50,1,8
2026-01-24,SKU-102,Samsung Galaxy S25 Ultra Screen Protector,Mobile Accessories,92,599,111,150,0,5
2026-01-24,SKU-105,Google Pixel 9 Pro Fold Case,Mobile Accessories,63,1499,304,80,0,7
2026-01-24,SKU-113,DJI Mini 4 Pro Drone,Drones,5,89999,14,10,0,28
2026-01-25,SKU-106,Sony WH-1000XM6 Headphones,Audio,6,34999,9,30,0,12
2026-01-25,SKU-110,Logitech MX Master 4S Mouse,PC Accessories,15,9999,113,40,0,12
2026-01-25,SKU-103,AirPods Pro 3 (2026),Audio,27,28999,97,40,0,14
2026-01-26,SKU-104,Meta Quest 4 VR Headset,Gaming,8,49999,65,20,0,21
2026-01-26,SKU-112,Steam Deck OLED 1TB,Gaming,8,64999,52,15,0,21
2026-01-26,SKU-115,Nothing Ear 2 Pro TWS Earbuds,Audio,47,12999,38,50,0,10
2026-01-26,SKU-106,Sony WH-1000XM6 Headphones,Audio,15,34999,114,30,0,12
2026-01-27,SKU-111,Razer Viper V3 Pro Gaming Mouse,Gaming,42,14999,120,30,0,14
2026-01-27,SKU-109,Anker Prime Power Bank 27650mAh,Charging,18,8999,160,50,0,10
2026-01-27,SKU-103,AirPods Pro 3 (2026),Audio,19,28999,78,40,0,14
2026-01-27,SKU-101,iPhone 16 Pro Max Case,Mobile Accessories,31,1299,119,100,0,7
2026-01-28,SKU-109,Anker Prime Power Bank 27650mAh,Charging,66,8999,94,50,1,10
2026-01-28,SKU-101,iPhone 16 Pro Max Case,Mobile Accessories,77,1299,42,100,0,7
2026-01-28,SKU-111,Razer Viper V3 Pro Gaming Mouse,Gaming,19,14999,101,30,0,14
2026-01-28,SKU-115,Nothing Ear 2 Pro TWS Earbuds,Audio,51,12999,207,50,0,10
2026-01-28,SKU-114,GoPro Hero 13 Black,Cameras,3,54999,72,25,0,18
2026-01-28,SKU-107,Apple Watch Series 10 Sport Band,Wearables,55,4999,162,60,0,10
2026-01-29,SKU-103,AirPods Pro 3 (2026),Audio,7,28999,71,40,0,14
2026-01-29,SKU-108,Tesla Wireless Charging Pad 45W,Charging,56,5999,167,50,1,8
2026-01-29,SKU-114,GoPro Hero 13 Black,Cameras,5,54999,67,25,0,18
2026-01-30,SKU-109,Anker Prime Power Bank 27650mAh,Charging,63,8999,31,50,0,10
2026-01-30,SKU-104,Meta Quest 4 VR Headset,Gaming,8,49999,57,20,0,21
2026-01-30,SKU-111,Razer Viper V3 Pro Gaming Mouse,Gaming,24,14999,77,30,0,14
2026-01-30,SKU-113,DJI Mini 4 Pro Drone,Drones,2,89999,12,10,0,28
2026-01-30,SKU-114,GoPro Hero 13 Black,Cameras,6,54999,61,25,1,18
2026-01-31,SKU-111,Razer Viper V3 Pro Gaming Mouse,Gaming,67,14999,10,30,0,14
2026-01-31,SKU-114,GoPro Hero 13 Black,Cameras,8,54999,53,25,0,18
2026-01-31,SKU-110,Logitech MX Master 4S Mouse,PC Accessories,28,9999,85,40,0,12
2026-01-31,SKU-109,Anker Prime Power Bank 27650mAh,Charging,56,8999,175,50,1,10
2026-01-31,SKU-112,Steam Deck OLED 1TB,Gaming,6,64999,46,15,0,21
2026-02-01,SKU-102,Samsung Galaxy S25 Ultra Screen Protector,Mobile Accessories,28,599,83,150,0,5
2026-02-01,SKU-110,Logitech MX Master 4S Mouse,PC Accessories,29,9999,56,40,0,12
2026-02-01,SKU-107,Apple Watch Series 10 Sport Band,Wearables,69,4999,93,60,0,10
2026-02-01,SKU-113,DJI Mini 4 Pro Drone,Drones,2,89999,10,10,0,28
2026-02-01,SKU-101,iPhone 16 Pro Max Case,Mobile Accessories,78,1299,464,100,0,7
2026-02-01,SKU-103,AirPods Pro 3 (2026),Audio,16,28999,55,40,0,14
2026-02-02,SKU-105,Google Pixel 9 Pro Fold Case,Mobile Accessories,43,1499,261,80,0,7
2026-02-02,SKU-109,Anker Prime Power Bank 27650mAh,Charging,47,8999,128,50,1,10
2026-02-02,SKU-110,Logitech MX Master 4S Mouse,PC Accessories,37,9999,19,40,0,12
2026-02-03,SKU-110,Logitech MX Master 4S Mouse,PC Accessories,26,9999,173,40,0,12
2026-02-03,SKU-104,Meta Quest 4 VR Headset,Gaming,2,49999,55,20,0,21
2026-02-03,SKU-112,Steam Deck OLED 1TB,Gaming,10,64999,36,15,0,21
2026-02-03,SKU-105,Google Pixel 9 Pro Fold Case,Mobile Accessories,46,1499,215,80,0,7
2026-02-03,SKU-109,Anker Prime Power Bank 27650mAh,Charging,43,8999,85,50,0,10
2026-02-03,SKU-111,Razer Viper V3 Pro Gaming Mouse,Gaming,54,14999,106,30,1,14
2026-02-04,SKU-107,Apple Watch Series 10 Sport Band,Wearables,33,4999,60,60,0,10
2026-02-04,SKU-115,Nothing Ear 2 Pro TWS Earbuds,Audio,54,12999,153,50,1,10
2026-02-04,SKU-112,Steam Deck OLED 1TB,Gaming,5,64999,31,15,0,21
2026-02-04,SKU-103,AirPods Pro 3 (2026),Audio,16,28999,39,40,0,14
2026-02-04,SKU-109,Anker Prime Power Bank 27650mAh,Charging,34,8999,51,50,0,10
2026-02-05,SKU-109,Anker Prime Power Bank 27650mAh,Charging,34,8999,17,50,0,10
2026-02-05,SKU-111,Razer Viper V3 Pro Gaming Mouse,Gaming,38,14999,68,30,0,14
2026-02-05,SKU-107,Apple Watch Series 10 Sport Band,Wearables,42,4999,18,60,0,10
2026-02-05,SKU-101,iPhone 16 Pro Max Case,Mobile Accessories,48,1299,416,100,0,7
2026-02-05,SKU-112,Steam Deck OLED 1TB,Gaming,5,64999,26,15,1,21
2026-02-06,SKU-110,Logitech MX Master 4S Mouse,PC Accessories,33,9999,140,40,0,12
2026-02-06,SKU-108,Tesla Wireless Charging Pad 45W,Charging,44,5999,123,50,1,8
2026-02-06,SKU-111,Razer Viper V3 Pro Gaming Mouse,Gaming,42,14999,26,30,1,14
2026-02-06,SKU-105,Google Pixel 9 Pro Fold Case,Mobile Accessories,41,1499,174,80,0,7
2026-02-06,SKU-109,Anker Prime Power Bank 27650mAh,Charging,19,8999,198,50,0,10
2026-02-06,SKU-101,iPhone 16 Pro Max Case,Mobile Accessories,96,1299,320,100,0,7
2026-02-07,SKU-112,Steam Deck OLED 1TB,Gaming,5,64999,21,15,0,21
2026-02-07,SKU-114,GoPro Hero 13 Black,Cameras,6,54999,47,25,0,18
2026-02-07,SKU-104,Meta Quest 4 VR Headset,Gaming,15,49999,40,20,1,21
2026-02-07,SKU-101,iPhone 16 Pro Max Case,Mobile Accessories,53,1299,267,100,0,7
2026-02-08,SKU-106,Sony WH-1000XM6 Headphones,Audio,29,34999,85,30,1,12
2026-02-08,SKU-109,Anker Prime Power Bank 27650mAh,Charging,22,8999,176,50,0,10
2026-02-08,SKU-114,GoPro Hero 13 Black,Cameras,2,54999,45,25,0,18
2026-02-08,SKU-104,Meta Quest 4 VR Headset,Gaming,6,49999,34,20,0,21
2026-02-08,SKU-115,Nothing Ear 2 Pro TWS Earbuds,Audio,35,12999,118,50,0,10
2026-02-09,SKU-102,Samsung Galaxy S25 Ultra Screen Protector,Mobile Accessories,80,599,3,150,1,5
2026-02-09,SKU-101,iPhone 16 Pro Max Case,Mobile Accessories,39,1299,228,100,0,7
2026-02-09,SKU-110,Logitech MX Master 4S Mouse,PC Accessories,36,9999,104,40,0,12
2026-02-09,SKU-106,Sony WH-1000XM6 Headphones,Audio,21,34999,64,30,0,12
2026-02-09,SKU-114,GoPro Hero 13 Black,Cameras,4,54999,41,25,0,18
2026-02-10,SKU-110,Logitech MX Master 4S Mouse,PC Accessories,44,9999,60,40,0,12
2026-02-10,SKU-111,Razer Viper V3 Pro Gaming Mouse,Gaming,43,14999,133,30,0,14
2026-02-10,SKU-115,Nothing Ear 2 Pro TWS Earbuds,Audio,42,12999,76,50,0,10
2026-02-10,SKU-112,Steam Deck OLED 1TB,Gaming,6,64999,15,15,0,21
2026-02-10,SKU-109,Anker Prime Power Bank 27650mAh,Charging,49,8999,127,50,1,10
2026-02-11,SKU-102,Samsung Galaxy S25 Ultra Screen Protector,Mobile Accessories,71,599,632,150,0,5
2026-02-11,SKU-113,DJI Mini 4 Pro Drone,Drones,10,89999,0,10,1,28
2026-02-11,SKU-105,Google Pixel 9 Pro Fold Case,Mobile Accessories,29,1499,145,80,0,7
2026-02-12,SKU-101,iPhone 16 Pro Max Case,Mobile Accessories,66,1299,162,100,0,7
2026-02-12,SKU-110,Logitech MX Master 4S Mouse,PC Accessories,33,9999,27,40,1,12
2026-02-12,SKU-105,Google Pixel 9 Pro Fold Case,Mobile Accessories,34,1499,111,80,0,7
2026-02-12,SKU-108,Tesla Wireless Charging Pad 45W,Charging,25,5999,98,50,0,8
2026-02-13,SKU-111,Razer Viper V3 Pro Gaming Mouse,Gaming,13,14999,120,30,0,14
2026-02-13,SKU-108,Tesla Wireless Charging Pad 45W,Charging,45,5999,53,50,0,8
2026-02-13,SKU-101,iPhone 16 Pro Max Case,Mobile Accessories,85,1299,77,100,0,7
2026-02-13,SKU-112,Steam Deck OLED 1TB,Gaming,14,64999,1,15,0,21
2026-02-14,SKU-107,Apple Watch Series 10 Sport Band,Wearables,115,4999,203,60,1,10
2026-02-14,SKU-113,DJI Mini 4 Pro Drone,Drones,1,89999,49,10,0,28
2026-02-14,SKU-115,Nothing Ear 2 Pro TWS Earbuds,Audio,23,12999,53,50,0,10
2026-02-15,SKU-113,DJI Mini 4 Pro Drone,Drones,9,89999,40,10,0,28
2026-02-15,SKU-107,Apple Watch Series 10 Sport Band,Wearables,94,4999,109,60,1,10
2026-02-15,SKU-109,Anker Prime Power Bank 27650mAh,Charging,35,8999,92,50,0,10
2026-02-15,SKU-102,Samsung Galaxy S25 Ultra Screen Protector,Mobile Accessories,65,599,567,150,0,5
2026-02-16,SKU-115,Nothing Ear 2 Pro TWS Earbuds,Audio,14,12999,39,50,0,10
2026-02-16,SKU-107,Apple Watch Series 10 Sport Band,Wearables,48,4999,61,60,0,10
2026-02-16,SKU-112,Steam Deck OLED 1TB,Gaming,7,64999,54,15,0,21
2026-02-16,SKU-106,Sony WH-1000XM6 Headphones,Audio,22,34999,42,30,0,12
2026-02-16,SKU-114,GoPro Hero 13 Black,Cameras,2,54999,39,25,0,18
2026-02-17,SKU-115,Nothing Ear 2 Pro TWS Earbuds,Audio,17,12999,22,50,0,10
2026-02-17,SKU-108,Tesla Wireless Charging Pad 45W,Charging,14,5999,39,50,0,8
2026-02-17,SKU-102,Samsung Galaxy S25 Ultra Screen Protector,Mobile Accessories,61,599,506,150,0,5
2026-02-17,SKU-104,Meta Quest 4 VR Headset,Gaming,2,49999,32,20,0,21
2026-02-18,SKU-105,Google Pixel 9 Pro Fold Case,Mobile Accessories,47,1499,64,80,0,7
2026-02-18,SKU-114,GoPro Hero 13 Black,Cameras,5,54999,34,25,0,18
2026-02-18,SKU-108,Tesla Wireless Charging Pad 45W,Charging,14,5999,25,50,0,8
2026-02-19,SKU-115,Nothing Ear 2 Pro TWS Earbuds,Audio,33,12999,209,50,0,10
2026-02-19,SKU-112,Steam Deck OLED 1TB,Gaming,2,64999,52,15,0,21
2026-02-19,SKU-107,Apple Watch Series 10 Sport Band,Wearables,69,4999,292,60,0,10
2026-02-19,SKU-113,DJI Mini 4 Pro Drone,Drones,7,89999,33,10,0,28
2026-02-20,SKU-103,AirPods Pro 3 (2026),Audio,23,28999,16,40,0,14
2026-02-20,SKU-109,Anker Prime Power Bank 27650mAh,Charging,53,8999,39,50,0,10
2026-02-20,SKU-114,GoPro Hero 13 Black,Cameras,8,54999,26,25,0,18
2026-02-20,SKU-106,Sony WH-1000XM6 Headphones,Audio,16,34999,26,30,0,12
2026-02-20,SKU-102,Samsung Galaxy S25 Ultra Screen Protector,Mobile Accessories,105,599,401,150,1,5
2026-02-20,SKU-111,Razer Viper V3 Pro Gaming Mouse,Gaming,32,14999,88,30,0,14
2026-02-21,SKU-103,AirPods Pro 3 (2026),Audio,55,28999,111,40,1,14
2026-02-21,SKU-112,Steam Deck OLED 1TB,Gaming,2,64999,50,15,1,21
2026-02-21,SKU-110,Logitech MX Master 4S Mouse,PC Accessories,69,9999,138,40,0,12
2026-02-21,SKU-108,Tesla Wireless Charging Pad 45W,Charging,36,5999,239,50,1,8
2026-02-21,SKU-109,Anker Prime Power Bank 27650mAh,Charging,37,8999,2,50,1,10
2026-02-21,SKU-114,GoPro Hero 13 Black,Cameras,15,54999,11,25,1,18
2026-02-22,SKU-102,Samsung Galaxy S25 Ultra Screen Protector,Mobile Accessories,54,599,347,150,0,5
2026-02-22,SKU-111,Razer Viper V3 Pro Gaming Mouse,Gaming,41,14999,47,30,1,14
2026-02-22,SKU-113,DJI Mini 4 Pro Drone,Drones,4,89999,29,10,0,28
2026-02-22,SKU-115,Nothing Ear 2 Pro TWS Earbuds,Audio,10,12999,199,50,0,10
2026-02-23,SKU-101,iPhone 16 Pro Max Case,Mobile Accessories,38,1299,39,100,0,7
2026-02-23,SKU-108,Tesla Wireless Charging Pad 45W,Charging,20,5999,219,50,0,8
2026-02-23,SKU-111,Razer Viper V3 Pro Gaming Mouse,Gaming,30,14999,17,30,0,14
2026-02-23,SKU-113,DJI Mini 4 Pro Drone,Drones,5,89999,24,10,0,28
2026-02-24,SKU-103,AirPods Pro 3 (2026),Audio,15,28999,96,40,0,14
2026-02-24,SKU-102,Samsung Galaxy S25 Ultra Screen Protector,Mobile Accessories,27,599,320,150,0,5
2026-02-24,SKU-115,Nothing Ear 2 Pro TWS Earbuds,Audio,14,12999,185,50,1,10
2026-02-24,SKU-109,Anker Prime Power Bank 27650mAh,Charging,28,8999,174,50,0,10
2026-02-24,SKU-110,Logitech MX Master 4S Mouse,PC Accessories,45,9999,93,40,0,12
2026-02-25,SKU-104,Meta Quest 4 VR Headset,Gaming,6,49999,26,20,1,21
2026-02-25,SKU-114,GoPro Hero 13 Black,Cameras,3,54999,8,25,0,18
2026-02-25,SKU-112,Steam Deck OLED 1TB,Gaming,5,64999,45,15,0,21
2026-02-25,SKU-106,Sony WH-1000XM6 Headphones,Audio,22,34999,4,30,0,12
2026-02-25,SKU-108,Tesla Wireless Charging Pad 45W,Charging,29,5999,190,50,0,8
2026-02-25,SKU-101,iPhone 16 Pro Max Case,Mobile Accessories,63,1299,476,100,0,7
2026-02-26,SKU-107,Apple Watch Series 10 Sport Band,Wearables,59,4999,233,60,1,10
2026-02-26,SKU-106,Sony WH-1000XM6 Headphones,Audio,12,34999,112,30,0,12
2026-02-26,SKU-114,GoPro Hero 13 Black,Cameras,5,54999,3,25,1,18
2026-02-26,SKU-104,Meta Quest 4 VR Headset,Gaming,8,49999,18,20,0,21
2026-02-26,SKU-103,AirPods Pro 3 (2026),Audio,21,28999,75,40,0,14
2026-02-27,SKU-110,Logitech MX Master 4S Mouse,PC Accessories,53,9999,40,40,1,12
2026-02-27,SKU-107,Apple Watch Series 10 Sport Band,Wearables,30,4999,203,60,0,10
2026-02-27,SKU-115,Nothing Ear 2 Pro TWS Earbuds,Audio,61,12999,124,50,1,10
2026-02-27,SKU-114,GoPro Hero 13 Black,Cameras,9,54999,94,25,0,18
2026-02-27,SKU-102,Samsung Galaxy S25 Ultra Screen Protector,Mobile Accessories,54,599,266,150,0,5
2026-02-28,SKU-115,Nothing Ear 2 Pro TWS Earbuds,Audio,44,12999,80,50,0,10
2026-02-28,SKU-109,Anker Prime Power Bank 27650mAh,Charging,26,8999,148,50,1,10
2026-02-28,SKU-114,GoPro Hero 13 Black,Cameras,13,54999,81,25,0,18
2026-03-01,SKU-113,DJI Mini 4 Pro Drone,Drones,3,89999,21,10,0,28
2026-03-01,SKU-104,Meta Quest 4 VR Headset,Gaming,11,49999,7,20,0,21
2026-03-01,SKU-105,Google Pixel 9 Pro Fold Case,Mobile Accessories,34,1499,30,80,1,7
2026-03-01,SKU-112,Steam Deck OLED 1TB,Gaming,12,64999,33,15,0,21
2026-03-01,SKU-114,GoPro Hero 13 Black,Cameras,6,54999,75,25,1,18
2026-03-02,SKU-111,Razer Viper V3 Pro Gaming Mouse,Gaming,12,14999,5,30,0,14
2026-03-02,SKU-112,Steam Deck OLED 1TB,Gaming,11,64999,22,15,0,21
2026-03-02,SKU-106,Sony WH-1000XM6 Headphones,Audio,11,34999,101,30,1,12
2026-03-02,SKU-115,Nothing Ear 2 Pro TWS Earbuds,Audio,43,12999,37,50,0,10
2026-03-02,SKU-107,Apple Watch Series 10 Sport Band,Wearables,54,4999,149,60,0,10
2026-03-03,SKU-103,AirPods Pro 3 (2026),Audio,11,28999,64,40,0,14
2026-03-03,SKU-107,Apple Watch Series 10 Sport Band,Wearables,64,4999,85,60,0,10
2026-03-03,SKU-104,Meta Quest 4 VR Headset,Gaming,5,49999,2,20,0,21
2026-03-03,SKU-115,Nothing Ear 2 Pro TWS Earbuds,Audio,31,12999,6,50,0,10
2026-03-03,SKU-106,Sony WH-1000XM6 Headphones,Audio,24,34999,77,30,0,12
2026-03-03,SKU-109,Anker Prime Power Bank 27650mAh,Charging,42,8999,106,50,0,10
2026-03-04,SKU-102,Samsung Galaxy S25 Ultra Screen Protector,Mobile Accessories,27,599,239,150,0,5
2026-03-04,SKU-108,Tesla Wireless Charging Pad 45W,Charging,63,5999,127,50,1,8
2026-03-04,SKU-104,Meta Quest 4 VR Headset,Gaming,9,49999,73,20,0,21
2026-03-05,SKU-101,iPhone 16 Pro Max Case,Mobile Accessories,61,1299,415,100,0,7
2026-03-05,SKU-109,Anker Prime Power Bank 27650mAh,Charging,43,8999,63,50,0,10
2026-03-05,SKU-107,Apple Watch Series 10 Sport Band,Wearables,74,4999,11,60,1,10
2026-03-06,SKU-109,Anker Prime Power Bank 27650mAh,Charging,62,8999,1,50,0,10
2026-03-06,SKU-106,Sony WH-1000XM6 Headphones,Audio,36,34999,41,30,0,12
2026-03-06,SKU-101,iPhone 16 Pro Max Case,Mobile Accessories,58,1299,357,100,0,7
2026-03-07,SKU-113,DJI Mini 4 Pro Drone,Drones,10,89999,11,10,0,28
2026-03-07,SKU-112,Steam Deck OLED 1TB,Gaming,13,64999,9,15,1,21
2026-03-07,SKU-114,GoPro Hero 13 Black,Cameras,2,54999,73,25,0,18
2026-03-07,SKU-110,Logitech MX Master 4S Mouse,PC Accessories,27,9999,13,40,0,12
2026-03-07,SKU-108,Tesla Wireless Charging Pad 45W,Charging,29,5999,98,50,1,8
2026-03-08,SKU-114,GoPro Hero 13 Black,Cameras,7,54999,66,25,0,18
2026-03-08,SKU-109,Anker Prime Power Bank 27650mAh,Charging,15,8999,186,50,0,10
2026-03-08,SKU-113,DJI Mini 4 Pro Drone,Drones,7,89999,4,10,0,28
2026-03-09,SKU-103,AirPods Pro 3 (2026),Audio,6,28999,58,40,0,14
2026-03-09,SKU-107,Apple Watch Series 10 Sport Band,Wearables,82,4999,229,60,0,10
2026-03-09,SKU-110,Logitech MX Master 4S Mouse,PC Accessories,39,9999,154,40,0,12
2026-03-09,SKU-115,Nothing Ear 2 Pro TWS Earbuds,Audio,44,12999,182,50,1,10
2026-03-10,SKU-109,Anker Prime Power Bank 27650mAh,Charging,32,8999,154,50,0,10
2026-03-10,SKU-114,GoPro Hero 13 Black,Cameras,10,54999,56,25,1,18
2026-03-10,SKU-107,Apple Watch Series 10 Sport Band,Wearables,52,4999,177,60,0,10
2026-03-11,SKU-111,Razer Viper V3 Pro Gaming Mouse,Gaming,19,14999,136,30,1,14
2026-03-11,SKU-108,Tesla Wireless Charging Pad 45W,Charging,14,5999,84,50,0,8
2026-03-11,SKU-112,Steam Deck OLED 1TB,Gaming,10,64999,59,15,1,21
2026-03-11,SKU-106,Sony WH-1000XM6 Headphones,Audio,12,34999,29,30,0,12
2026-03-11,SKU-107,Apple Watch Series 10 Sport Band,Wearables,65,4999,112,60,0,10
2026-03-12,SKU-115,Nothing Ear 2 Pro TWS Earbuds,Audio,19,12999,163,50,0,10
2026-03-12,SKU-110,Logitech MX Master 4S Mouse,PC Accessories,21,9999,133,40,0,12
2026-03-12,SKU-108,Tesla Wireless Charging Pad 45W,Charging,26,5999,58,50,0,8
2026-03-13,SKU-102,Samsung Galaxy S25 Ultra Screen Protector,Mobile Accessories,83,599,156,150,0,5
2026-03-13,SKU-104,Meta Quest 4 VR Headset,Gaming,7,49999,66,20,0,21
2026-03-13,SKU-101,iPhone 16 Pro Max Case,Mobile Accessories,84,1299,273,100,0,7
2026-03-13,SKU-115,Nothing Ear 2 Pro TWS Earbuds,Audio,60,12999,103,50,0,10
2026-03-13,SKU-103,AirPods Pro 3 (2026),Audio,16,28999,42,40,0,14
2026-03-14,SKU-107,Apple Watch Series 10 Sport Band,Wearables,109,4999,3,60,1,10
2026-03-14,SKU-101,iPhone 16 Pro Max Case,Mobile Accessories,131,1299,142,100,1,7
2026-03-14,SKU-113,DJI Mini 4 Pro Drone,Drones,15,89999,39,10,0,28
2026-03-15,SKU-101,iPhone 16 Pro Max Case,Mobile Accessories,53,1299,89,100,0,7
2026-03-15,SKU-105,Google Pixel 9 Pro Fold Case,Mobile Accessories,68,1499,362,80,0,7
2026-03-15,SKU-112,Steam Deck OLED 1TB,Gaming,4,64999,55,15,0,21
2026-03-15,SKU-111,Razer Viper V3 Pro Gaming Mouse,Gaming,49,14999,87,30,0,14
2026-03-16,SKU-113,DJI Mini 4 Pro Drone,Drones,12,89999,27,10,0,28
2026-03-16,SKU-106,Sony WH-1000XM6 Headphones,Audio,24,34999,5,30,0,12
2026-03-16,SKU-115,Nothing Ear 2 Pro TWS Earbuds,Audio,41,12999,62,50,0,10
2026-03-17,SKU-108,Tesla Wireless Charging Pad 45W,Charging,98,5999,210,50,1,8
2026-03-17,SKU-115,Nothing Ear 2 Pro TWS Earbuds,Audio,41,12999,21,50,0,10
2026-03-17,SKU-107,Apple Watch Series 10 Sport Band,Wearables,103,4999,200,60,1,10
2026-03-17,SKU-101,iPhone 16 Pro Max Case,Mobile Accessories,125,1299,464,100,0,7
2026-03-18,SKU-104,Meta Quest 4 VR Headset,Gaming,12,49999,54,20,1,21
2026-03-18,SKU-101,iPhone 16 Pro Max Case,Mobile Accessories,76,1299,388,100,0,7
2026-03-18,SKU-102,Samsung Galaxy S25 Ultra Screen Protector,Mobile Accessories,100,599,56,150,1,5
2026-03-18,SKU-113,DJI Mini 4 Pro Drone,Drones,2,89999,25,10,0,28
2026-03-18,SKU-114,GoPro Hero 13 Black,Cameras,6,54999,50,25,0,18
2026-03-19,SKU-101,iPhone 16 Pro Max Case,Mobile Accessories,25,1299,363,100,0,7
2026-03-19,SKU-110,Logitech MX Master 4S Mouse,PC Accessories,13,9999,120,40,0,12
2026-03-19,SKU-112,Steam Deck OLED 1TB,Gaming,10,64999,45,15,0,21
2026-03-20,SKU-107,Apple Watch Series 10 Sport Band,Wearables,137,4999,63,60,1,10
2026-03-20,SKU-110,Logitech MX Master 4S Mouse,PC Accessories,65,9999,55,40,1,12
2026-03-20,SKU-108,Tesla Wireless Charging Pad 45W,Charging,70,5999,140,50,1,8
2026-03-21,SKU-110,Logitech MX Master 4S Mouse,PC Accessories,17,9999,38,40,0,12
2026-03-21,SKU-107,Apple Watch Series 10 Sport Band,Wearables,95,4999,268,60,0,10
2026-03-21,SKU-101,iPhone 16 Pro Max Case,Mobile Accessories,102,1299,261,100,0,7
2026-03-22,SKU-103,AirPods Pro 3 (2026),Audio,26,28999,16,40,0,14
2026-03-22,SKU-111,Razer Viper V3 Pro Gaming Mouse,Gaming,49,14999,38,30,0,14
2026-03-22,SKU-104,Meta Quest 4 VR Headset,Gaming,6,49999,48,20,1,21
2026-03-22,SKU-110,Logitech MX Master 4S Mouse,PC Accessories,57,9999,161,40,0,12
2026-03-22,SKU-106,Sony WH-1000XM6 Headphones,Audio,5,34999,0,30,0,12
2026-03-22,SKU-114,GoPro Hero 13 Black,Cameras,12,54999,38,25,0,18
2026-03-23,SKU-107,Apple Watch Series 10 Sport Band,Wearables,80,4999,188,60,1,10
2026-03-23,SKU-110,Logitech MX Master 4S Mouse,PC Accessories,27,9999,134,40,0,12
2026-03-23,SKU-102,Samsung Galaxy S25 Ultra Screen Protector,Mobile Accessories,57,599,699,150,0,5
2026-03-24,SKU-111,Razer Viper V3 Pro Gaming Mouse,Gaming,17,14999,21,30,0,14
2026-03-24,SKU-108,Tesla Wireless Charging Pad 45W,Charging,34,5999,106,50,0,8
2026-03-24,SKU-103,AirPods Pro 3 (2026),Audio,27,28999,139,40,0,14
2026-03-24,SKU-114,GoPro Hero 13 Black,Cameras,12,54999,26,25,1,18
2026-03-24,SKU-106,Sony WH-1000XM6 Headphones,Audio,5,34999,115,30,0,12
2026-03-25,SKU-108,Tesla Wireless Charging Pad 45W,Charging,40,5999,66,50,0,8
2026-03-25,SKU-113,DJI Mini 4 Pro Drone,Drones,11,89999,14,10,0,28
2026-03-25,SKU-114,GoPro Hero 13 Black,Cameras,8,54999,18,25,0,18
2026-03-25,SKU-104,Meta Quest 4 VR Headset,Gaming,10,49999,38,20,0,21
2026-03-25,SKU-103,AirPods Pro 3 (2026),Audio,21,28999,118,40,0,14
2026-03-26,SKU-106,Sony WH-1000XM6 Headphones,Audio,46,34999,69,30,1,12
2026-03-26,SKU-108,Tesla Wireless Charging Pad 45W,Charging,92,5999,224,50,1,8
2026-03-26,SKU-105,Google Pixel 9 Pro Fold Case,Mobile Accessories,69,1499,293,80,1,7
2026-03-26,SKU-111,Razer Viper V3 Pro Gaming Mouse,Gaming,17,14999,4,30,0,14
2026-03-26,SKU-115,Nothing Ear 2 Pro TWS Earbuds,Audio,81,12999,160,50,1,10
2026-03-26,SKU-112,Steam Deck OLED 1TB,Gaming,7,64999,38,15,1,21
2026-03-27,SKU-115,Nothing Ear 2 Pro TWS Earbuds,Audio,28,12999,132,50,1,10
2026-03-27,SKU-111,Razer Viper V3 Pro Gaming Mouse,Gaming,57,14999,97,30,0,14
2026-03-27,SKU-107,Apple Watch Series 10 Sport Band,Wearables,82,4999,106,60,0,10
2026-03-27,SKU-101,iPhone 16 Pro Max Case,Mobile Accessories,53,1299,208,100,1,7
2026-03-27,SKU-110,Logitech MX Master 4S Mouse,PC Accessories,39,9999,95,40,1,12
2026-03-27,SKU-112,Steam Deck OLED 1TB,Gaming,16,64999,22,15,0,21
2026-03-28,SKU-115,Nothing Ear 2 Pro TWS Earbuds,Audio,50,12999,82,50,0,10
2026-03-28,SKU-110,Logitech MX Master 4S Mouse,PC Accessories,82,9999,13,40,0,12
2026-03-28,SKU-111,Razer Viper V3 Pro Gaming Mouse,Gaming,60,14999,37,30,1,14
2026-03-28,SKU-102,Samsung Galaxy S25 Ultra Screen Protector,Mobile Accessories,44,599,655,150,0,5
2026-03-29,SKU-112,Steam Deck OLED 1TB,Gaming,4,64999,18,15,0,21
2026-03-29,SKU-109,Anker Prime Power Bank 27650mAh,Charging,33,8999,121,50,0,10
2026-03-29,SKU-102,Samsung Galaxy S25 Ultra Screen Protector,Mobile Accessories,92,599,563,150,0,5
2026-03-29,SKU-107,Apple Watch Series 10 Sport Band,Wearables,80,4999,26,60,0,10
2026-03-29,SKU-103,AirPods Pro 3 (2026),Audio,21,28999,97,40,0,14
2026-03-29,SKU-101,iPhone 16 Pro Max Case,Mobile Accessories,82,1299,126,100,0,7
2026-03-30,SKU-107,Apple Watch Series 10 Sport Band,Wearables,80,4999,246,60,0,10
2026-03-30,SKU-112,Steam Deck OLED 1TB,Gaming,7,64999,11,15,1,21
2026-03-30,SKU-105,Google Pixel 9 Pro Fold Case,Mobile Accessories,27,1499,266,80,0,7
2026-03-30,SKU-104,Meta Quest 4 VR Headset,Gaming,5,49999,33,20,0,21
2026-03-31,SKU-103,AirPods Pro 3 (2026),Audio,53,28999,44,40,1,14
2026-03-31,SKU-106,Sony WH-1000XM6 Headphones,Audio,46,34999,23,30,1,12
2026-03-31,SKU-104,Meta Quest 4 VR Headset,Gaming,9,49999,24,20,0,21
2026-03-31,SKU-108,Tesla Wireless Charging Pad 45W,Charging,76,5999,148,50,1,8
2026-03-31,SKU-115,Nothing Ear 2 Pro TWS Earbuds,Audio,42,12999,40,50,0,10
2026-04-01,SKU-104,Meta Quest 4 VR Headset,Gaming,20,49999,4,20,1,21
2026-04-01,SKU-105,Google Pixel 9 Pro Fold Case,Mobile Accessories,141,1499,125,80,1,7
2026-04-01,SKU-106,Sony WH-1000XM6 Headphones,Audio,9,34999,14,30,1,12
2026-04-01,SKU-114,GoPro Hero 13 Black,Cameras,11,54999,7,25,0,18
2026-04-01,SKU-102,Samsung Galaxy S25 Ultra Screen Protector,Mobile Accessories,139,599,424,150,1,5
2026-04-02,SKU-103,AirPods Pro 3 (2026),Audio,15,28999,29,40,1,14
2026-04-02,SKU-104,Meta Quest 4 VR Headset,Gaming,6,49999,78,20,1,21
2026-04-02,SKU-101,iPhone 16 Pro Max Case,Mobile Accessories,53,1299,73,100,0,7
2026-04-03,SKU-101,iPhone 16 Pro Max Case,Mobile Accessories,72,1299,1,100,0,7
2026-04-03,SKU-111,Razer Viper V3 Pro Gaming Mouse,Gaming,20,14999,17,30,0,14
2026-04-03,SKU-113,DJI Mini 4 Pro Drone,Drones,17,89999,47,10,0,28
2026-04-03,SKU-105,Google Pixel 9 Pro Fold Case,Mobile Accessories,130,1499,395,80,1,7
2026-04-03,SKU-110,Logitech MX Master 4S Mouse,PC Accessories,38,9999,155,40,0,12
2026-04-03,SKU-108,Tesla Wireless Charging Pad 45W,Charging,28,5999,120,50,0,8
2026-04-04,SKU-106,Sony WH-1000XM6 Headphones,Audio,33,34999,101,30,0,12
2026-04-04,SKU-104,Meta Quest 4 VR Headset,Gaming,10,49999,68,20,0,21
2026-04-04,SKU-103,AirPods Pro 3 (2026),Audio,19,28999,10,40,0,14
2026-04-04,SKU-114,GoPro Hero 13 Black,Cameras,7,54999,0,25,1,18
2026-04-05,SKU-102,Samsung Galaxy S25 Ultra Screen Protector,Mobile Accessories,97,599,327,150,1,5
2026-04-05,SKU-109,Anker Prime Power Bank 27650mAh,Charging,15,8999,106,50,0,10
2026-04-05,SKU-111,Razer Viper V3 Pro Gaming Mouse,Gaming,29,14999,138,30,0,14
2026-04-05,SKU-108,Tesla Wireless Charging Pad 45W,Charging,19,5999,101,50,0,8
2026-04-05,SKU-104,Meta Quest 4 VR Headset,Gaming,11,49999,57,20,0,21
2026-04-05,SKU-101,iPhone 16 Pro Max Case,Mobile Accessories,86,1299,415,100,0,7
2026-04-06,SKU-108,Tesla Wireless Charging Pad 45W,Charging,29,5999,72,50,1,8
2026-04-06,SKU-109,Anker Prime Power Bank 27650mAh,Charging,40,8999,66,50,0,10
2026-04-06,SKU-111,Razer Viper V3 Pro Gaming Mouse,Gaming,50,14999,88,30,1,14
2026-04-06,SKU-112,Steam Deck OLED 1TB,Gaming,2,64999,9,15,0,21
2026-04-07,SKU-104,Meta Quest 4 VR Headset,Gaming,5,49999,52,20,0,21
2026-04-07,SKU-114,GoPro Hero 13 Black,Cameras,11,54999,89,25,0,18
2026-04-07,SKU-108,Tesla Wireless Charging Pad 45W,Charging,36,5999,36,50,0,8
2026-04-07,SKU-101,iPhone 16 Pro Max Case,Mobile Accessories,42,1299,373,100,0,7
2026-04-07,SKU-103,AirPods Pro 3 (2026),Audio,25,28999,135,40,0,14
2026-04-07,SKU-110,Logitech MX Master 4S Mouse,PC Accessories,47,9999,108,40,0,12
2026-04-08,SKU-111,Razer Viper V3 Pro Gaming Mouse,Gaming,15,14999,73,30,0,14
2026-04-08,SKU-110,Logitech MX Master 4S Mouse,PC Accessories,46,9999,62,40,0,12
2026-04-08,SKU-115,Nothing Ear 2 Pro TWS Earbuds,Audio,21,12999,19,50,0,10
2026-04-09,SKU-106,Sony WH-1000XM6 Headphones,Audio,20,34999,81,30,0,12
2026-04-09,SKU-104,Meta Quest 4 VR Headset,Gaming,10,49999,42,20,0,21
2026-04-09,SKU-101,iPhone 16 Pro Max Case,Mobile Accessories,64,1299,309,100,0,7
2026-04-09,SKU-112,Steam Deck OLED 1TB,Gaming,6,64999,3,15,0,21
2026-04-10,SKU-101,iPhone 16 Pro Max Case,Mobile Accessories,53,1299,256,100,0,7
2026-04-10,SKU-109,Anker Prime Power Bank 27650mAh,Charging,29,8999,37,50,1,10
2026-04-10,SKU-115,Nothing Ear 2 Pro TWS Earbuds,Audio,26,12999,213,50,0,10
2026-04-11,SKU-101,iPhone 16 Pro Max Case,Mobile Accessories,150,1299,106,100,1,7
2026-04-11,SKU-112,Steam Deck OLED 1TB,Gaming,1,64999,2,15,0,21
2026-04-11,SKU-111,Razer Viper V3 Pro Gaming Mouse,Gaming,44,14999,29,30,1,14
2026-04-12,SKU-112,Steam Deck OLED 1TB,Gaming,2,64999,0,15,0,21
2026-04-12,SKU-104,Meta Quest 4 VR Headset,Gaming,10,49999,32,20,0,21
2026-04-12,SKU-103,AirPods Pro 3 (2026),Audio,7,28999,128,40,1,14
2026-04-12,SKU-111,Razer Viper V3 Pro Gaming Mouse,Gaming,17,14999,12,30,0,14
2026-04-12,SKU-102,Samsung Galaxy S25 Ultra Screen Protector,Mobile Accessories,61,599,266,150,0,5
2026-04-13,SKU-103,AirPods Pro 3 (2026),Audio,6,28999,122,40,0,14
2026-04-13,SKU-108,Tesla Wireless Charging Pad 45W,Charging,25,5999,11,50,0,8
2026-04-13,SKU-115,Nothing Ear 2 Pro TWS Earbuds,Audio,34,12999,179,50,0,10
2026-04-13,SKU-112,Steam Deck OLED 1TB,Gaming,8,64999,52,15,1,21
2026-04-13,SKU-102,Samsung Galaxy S25 Ultra Screen Protector,Mobile Accessories,52,599,214,150,0,5
2026-04-14,SKU-115,Nothing Ear 2 Pro TWS Earbuds,Audio,73,12999,106,50,0,10
2026-04-14,SKU-104,Meta Quest 4 VR Headset,Gaming,7,49999,25,20,1,21
2026-04-14,SKU-107,Apple Watch Series 10 Sport Band,Wearables,115,4999,131,60,0,10
2026-04-15,SKU-108,Tesla Wireless Charging Pad 45W,Charging,33,5999,228,50,0,8
2026-04-15,SKU-106,Sony WH-1000XM6 Headphones,Audio,29,34999,52,30,0,12
2026-04-15,SKU-104,Meta Quest 4 VR Headset,Gaming,13,49999,12,20,0,21
2026-04-15,SKU-111,Razer Viper V3 Pro Gaming Mouse,Gaming,63,14999,99,30,1,14
2026-04-15,SKU-109,Anker Prime Power Bank 27650mAh,Charging,59,8999,178,50,0,10
2026-04-16,SKU-114,GoPro Hero 13 Black,Cameras,5,54999,84,25,1,18
2026-04-16,SKU-109,Anker Prime Power Bank 27650mAh,Charging,21,8999,157,50,0,10
2026-04-16,SKU-104,Meta Quest 4 VR Headset,Gaming,9,49999,3,20,0,21
2026-04-16,SKU-107,Apple Watch Series 10 Sport Band,Wearables,33,4999,98,60,0,10
2026-04-17,SKU-112,Steam Deck OLED 1TB,Gaming,6,64999,46,15,0,21
2026-04-17,SKU-102,Samsung Galaxy S25 Ultra Screen Protector,Mobile Accessories,104,599,110,150,0,5
2026-04-17,SKU-104,Meta Quest 4 VR Headset,Gaming,6,49999,77,20,0,21
2026-04-17,SKU-115,Nothing Ear 2 Pro TWS Earbuds,Audio,41,12999,65,50,1,10
2026-04-17,SKU-114,GoPro Hero 13 Black,Cameras,5,54999,79,25,0,18
2026-04-18,SKU-102,Samsung Galaxy S25 Ultra Screen Protector,Mobile Accessories,69,599,41,150,0,5
2026-04-18,SKU-112,Steam Deck OLED 1TB,Gaming,15,64999,31,15,0,21
2026-04-18,SKU-110,Logitech MX Master 4S Mouse,PC Accessories,32,9999,30,40,1,12
2026-04-19,SKU-107,Apple Watch Series 10 Sport Band,Wearables,49,4999,49,60,0,10
2026-04-19,SKU-113,DJI Mini 4 Pro Drone,Drones,11,89999,36,10,0,28
2026-04-19,SKU-103,AirPods Pro 3 (2026),Audio,18,28999,104,40,0,14
2026-04-20,SKU-106,Sony WH-1000XM6 Headphones,Audio,13,34999,39,30,0,12
2026-04-20,SKU-113,DJI Mini 4 Pro Drone,Drones,13,89999,23,10,0,28
2026-04-20,SKU-104,Meta Quest 4 VR Headset,Gaming,7,49999,70,20,1,21
2026-04-21,SKU-111,Razer Viper V3 Pro Gaming Mouse,Gaming,24,14999,75,30,1,14
2026-04-21,SKU-114,GoPro Hero 13 Black,Cameras,5,54999,74,25,1,18
2026-04-21,SKU-110,Logitech MX Master 4S Mouse,PC Accessories,47,9999,163,40,0,12
2026-04-22,SKU-107,Apple Watch Series 10 Sport Band,Wearables,38,4999,11,60,0,10
2026-04-22,SKU-104,Meta Quest 4 VR Headset,Gaming,6,49999,64,20,1,21
2026-04-22,SKU-110,Logitech MX Master 4S Mouse,PC Accessories,66,9999,97,40,1,12
2026-04-23,SKU-108,Tesla Wireless Charging Pad 45W,Charging,44,5999,184,50,0,8
2026-04-23,SKU-111,Razer Viper V3 Pro Gaming Mouse,Gaming,25,14999,50,30,0,14
2026-04-23,SKU-112,Steam Deck OLED 1TB,Gaming,9,64999,22,15,0,21
2026-04-23,SKU-110,Logitech MX Master 4S Mouse,PC Accessories,51,9999,46,40,0,12
2026-04-23,SKU-105,Google Pixel 9 Pro Fold Case,Mobile Accessories,47,1499,348,80,0,7
2026-04-23,SKU-101,iPhone 16 Pro Max Case,Mobile Accessories,49,1299,57,100,0,7
2026-04-24,SKU-105,Google Pixel 9 Pro Fold Case,Mobile Accessories,91,1499,257,80,0,7
2026-04-24,SKU-109,Anker Prime Power Bank 27650mAh,Charging,33,8999,124,50,1,10
2026-04-24,SKU-101,iPhone 16 Pro Max Case,Mobile Accessories,85,1299,472,100,0,7
2026-04-24,SKU-106,Sony WH-1000XM6 Headphones,Audio,16,34999,23,30,1,12
2026-04-24,SKU-107,Apple Watch Series 10 Sport Band,Wearables,53,4999,258,60,0,10
2026-04-24,SKU-113,DJI Mini 4 Pro Drone,Drones,2,89999,21,10,0,28
2026-04-25,SKU-109,Anker Prime Power Bank 27650mAh,Charging,63,8999,61,50,1,10
2026-04-25,SKU-112,Steam Deck OLED 1TB,Gaming,10,64999,12,15,0,21
2026-04-25,SKU-107,Apple Watch Series 10 Sport Band,Wearables,115,4999,143,60,0,10
2026-04-25,SKU-101,iPhone 16 Pro Max Case,Mobile Accessories,86,1299,386,100,0,7
2026-04-25,SKU-115,Nothing Ear 2 Pro TWS Earbuds,Audio,24,12999,41,50,0,10
2026-04-26,SKU-110,Logitech MX Master 4S Mouse,PC Accessories,30,9999,16,40,0,12
2026-04-26,SKU-111,Razer Viper V3 Pro Gaming Mouse,Gaming,33,14999,17,30,1,14
2026-04-26,SKU-106,Sony WH-1000XM6 Headphones,Audio,34,34999,109,30,1,12
2026-04-27,SKU-114,GoPro Hero 13 Black,Cameras,5,54999,69,25,0,18
2026-04-27,SKU-108,Tesla Wireless Charging Pad 45W,Charging,52,5999,132,50,0,8
2026-04-27,SKU-101,iPhone 16 Pro Max Case,Mobile Accessories,92,1299,294,100,0,7
2026-04-27,SKU-105,Google Pixel 9 Pro Fold Case,Mobile Accessories,63,1499,194,80,0,7
2026-04-28,SKU-107,Apple Watch Series 10 Sport Band,Wearables,26,4999,117,60,0,10
2026-04-28,SKU-111,Razer Viper V3 Pro Gaming Mouse,Gaming,29,14999,138,30,0,14
2026-04-28,SKU-103,AirPods Pro 3 (2026),Audio,13,28999,91,40,0,14
2026-04-28,SKU-115,Nothing Ear 2 Pro TWS Earbuds,Audio,49,12999,212,50,1,10
2026-04-29,SKU-114,GoPro Hero 13 Black,Cameras,6,54999,63,25,0,18
2026-04-29,SKU-107,Apple Watch Series 10 Sport Band,Wearables,79,4999,38,60,0,10
2026-04-29,SKU-115,Nothing Ear 2 Pro TWS Earbuds,Audio,25,12999,187,50,0,10
2026-04-29,SKU-104,Meta Quest 4 VR Headset,Gaming,8,49999,56,20,0,21
2026-04-30,SKU-112,Steam Deck OLED 1TB,Gaming,10,64999,2,15,0,21
2026-04-30,SKU-101,iPhone 16 Pro Max Case,Mobile Accessories,46,1299,248,100,0,7
2026-04-30,SKU-106,Sony WH-1000XM6 Headphones,Audio,24,34999,85,30,1,12
2026-04-30,SKU-115,Nothing Ear 2 Pro TWS Earbuds,Audio,46,12999,141,50,1,10
2026-04-30,SKU-103,AirPods Pro 3 (2026),Audio,12,28999,79,40,0,14
2026-05-01,SKU-114,GoPro Hero 13 Black,Cameras,20,54999,43,25,0,18
2026-05-01,SKU-113,DJI Mini 4 Pro Drone,Drones,11,89999,10,10,0,28
2026-05-01,SKU-103,AirPods Pro 3 (2026),Audio,49,28999,30,40,1,14
2026-05-01,SKU-115,Nothing Ear 2 Pro TWS Earbuds,Audio,37,12999,104,50,1,10
2026-05-02,SKU-115,Nothing Ear 2 Pro TWS Earbuds,Audio,32,12999,72,50,0,10
2026-05-02,SKU-105,Google Pixel 9 Pro Fold Case,Mobile Accessories,60,1499,134,80,0,7
2026-05-02,SKU-101,iPhone 16 Pro Max Case,Mobile Accessories,54,1299,194,100,0,7
2026-05-02,SKU-103,AirPods Pro 3 (2026),Audio,28,28999,2,40,0,14
2026-05-02,SKU-109,Anker Prime Power Bank 27650mAh,Charging,63,8999,198,50,1,10
2026-05-02,SKU-113,DJI Mini 4 Pro Drone,Drones,5,89999,5,10,1,28
2026-05-03,SKU-105,Google Pixel 9 Pro Fold Case,Mobile Accessories,59,1499,75,80,1,7
2026-05-03,SKU-112,Steam Deck OLED 1TB,Gaming,12,64999,50,15,1,21
2026-05-03,SKU-104,Meta Quest 4 VR Headset,Gaming,1,49999,55,20,0,21
2026-05-04,SKU-110,Logitech MX Master 4S Mouse,PC Accessories,36,9999,160,40,0,12
2026-05-04,SKU-101,iPhone 16 Pro Max Case,Mobile Accessories,21,1299,173,100,0,7
2026-05-04,SKU-105,Google Pixel 9 Pro Fold Case,Mobile Accessories,43,1499,32,80,0,7
2026-05-05,SKU-112,Steam Deck OLED 1TB,Gaming,11,64999,39,15,1,21
2026-05-05,SKU-104,Meta Quest 4 VR Headset,Gaming,8,49999,47,20,0,21
2026-05-05,SKU-110,Logitech MX Master 4S Mouse,PC Accessories,30,9999,130,40,0,12
2026-05-05,SKU-107,Apple Watch Series 10 Sport Band,Wearables,76,4999,262,60,0,10
2026-05-05,SKU-101,iPhone 16 Pro Max Case,Mobile Accessories,70,1299,103,100,0,7
2026-05-05,SKU-103,AirPods Pro 3 (2026),Audio,15,28999,137,40,0,14
2026-05-06,SKU-107,Apple Watch Series 10 Sport Band,Wearables,31,4999,231,60,0,10
2026-05-06,SKU-101,iPhone 16 Pro Max Case,Mobile Accessories,26,1299,77,100,0,7
2026-05-06,SKU-110,Logitech MX Master 4S Mouse,PC Accessories,32,9999,98,40,0,12
2026-05-07,SKU-109,Anker Prime Power Bank 27650mAh,Charging,38,8999,160,50,0,10
2026-05-07,SKU-110,Logitech MX Master 4S Mouse,PC Accessories,34,9999,64,40,0,12
2026-05-07,SKU-101,iPhone 16 Pro Max Case,Mobile Accessories,53,1299,24,100,0,7
2026-05-07,SKU-102,Samsung Galaxy S25 Ultra Screen Protector,Mobile Accessories,72,599,669,150,1,5
2026-05-08,SKU-107,Apple Watch Series 10 Sport Band,Wearables,105,4999,126,60,1,10
2026-05-08,SKU-108,Tesla Wireless Charging Pad 45W,Charging,32,5999,100,50,0,8
2026-05-08,SKU-101,iPhone 16 Pro Max Case,Mobile Accessories,32,1299,492,100,0,7
2026-05-09,SKU-105,Google Pixel 9 Pro Fold Case,Mobile Accessories,35,1499,397,80,1,7
2026-05-09,SKU-108,Tesla Wireless Charging Pad 45W,Charging,37,5999,63,50,0,8
2026-05-09,SKU-107,Apple Watch Series 10 Sport Band,Wearables,39,4999,87,60,1,10
2026-05-09,SKU-114,GoPro Hero 13 Black,Cameras,6,54999,37,25,0,18
2026-05-09,SKU-101,iPhone 16 Pro Max Case,Mobile Accessories,100,1299,392,100,0,7
2026-05-10,SKU-109,Anker Prime Power Bank 27650mAh,Charging,32,8999,128,50,0,10
2026-05-10,SKU-105,Google Pixel 9 Pro Fold Case,Mobile Accessories,74,1499,323,80,0,7
2026-05-10,SKU-101,iPhone 16 Pro Max Case,Mobile Accessories,30,1299,362,100,0,7
2026-05-11,SKU-113,DJI Mini 4 Pro Drone,Drones,10,89999,45,10,0,28
2026-05-11,SKU-107,Apple Watch Series 10 Sport Band,Wearables,49,4999,38,60,0,10
2026-05-11,SKU-106,Sony WH-1000XM6 Headphones,Audio,10,34999,75,30,0,12
2026-05-11,SKU-112,Steam Deck OLED 1TB,Gaming,7,64999,32,15,0,21
2026-05-11,SKU-109,Anker Prime Power Bank 27650mAh,Charging,34,8999,94,50,0,10
2026-05-11,SKU-103,AirPods Pro 3 (2026),Audio,6,28999,131,40,1,14
2026-05-12,SKU-105,Google Pixel 9 Pro Fold Case,Mobile Accessories,42,1499,281,80,1,7
2026-05-12,SKU-110,Logitech MX Master 4S Mouse,PC Accessories,18,9999,46,40,1,12
2026-05-12,SKU-102,Samsung Galaxy S25 Ultra Screen Protector,Mobile Accessories,74,599,595,150,0,5
2026-05-13,SKU-109,Anker Prime Power Bank 27650mAh,Charging,29,8999,65,50,0,10
2026-05-13,SKU-112,Steam Deck OLED 1TB,Gaming,7,64999,25,15,0,21
2026-05-13,SKU-108,Tesla Wireless Charging Pad 45W,Charging,24,5999,39,50,0,8
2026-05-14,SKU-103,AirPods Pro 3 (2026),Audio,12,28999,119,40,1,14
2026-05-14,SKU-106,Sony WH-1000XM6 Headphones,Audio,13,34999,62,30,0,12
2026-05-14,SKU-104,Meta Quest 4 VR Headset,Gaming,8,49999,39,20,0,21
2026-05-14,SKU-113,DJI Mini 4 Pro Drone,Drones,5,89999,40,10,0,28
2026-05-14,SKU-105,Google Pixel 9 Pro Fold Case,Mobile Accessories,40,1499,241,80,1,7
2026-05-14,SKU-115,Nothing Ear 2 Pro TWS Earbuds,Audio,19,12999,53,50,1,10
2026-05-15,SKU-111,Razer Viper V3 Pro Gaming Mouse,Gaming,48,14999,90,30,0,14
2026-05-15,SKU-108,Tesla Wireless Charging Pad 45W,Charging,28,5999,11,50,0,8
2026-05-15,SKU-110,Logitech MX Master 4S Mouse,PC Accessories,39,9999,7,40,0,12
2026-05-15,SKU-114,GoPro Hero 13 Black,Cameras,10,54999,27,25,1,18
2026-05-15,SKU-115,Nothing Ear 2 Pro TWS Earbuds,Audio,44,12999,9,50,0,10
2026-05-16,SKU-101,iPhone 16 Pro Max Case,Mobile Accessories,53,1299,309,100,0,7
2026-05-16,SKU-112,Steam Deck OLED 1TB,Gaming,13,64999,12,15,0,21
2026-05-16,SKU-106,Sony WH-1000XM6 Headphones,Audio,8,34999,54,30,1,12
2026-05-16,SKU-113,DJI Mini 4 Pro Drone,Drones,7,89999,33,10,0,28
2026-05-17,SKU-112,Steam Deck OLED 1TB,Gaming,12,64999,0,15,1,21
2026-05-17,SKU-114,GoPro Hero 13 Black,Cameras,7,54999,20,25,0,18
2026-05-17,SKU-102,Samsung Galaxy S25 Ultra Screen Protector,Mobile Accessories,54,599,541,150,0,5
2026-05-18,SKU-110,Logitech MX Master 4S Mouse,PC Accessories,52,9999,135,40,1,12
2026-05-18,SKU-101,iPhone 16 Pro Max Case,Mobile Accessories,46,1299,263,100,0,7
2026-05-18,SKU-111,Razer Viper V3 Pro Gaming Mouse,Gaming,31,14999,59,30,0,14
2026-05-18,SKU-113,DJI Mini 4 Pro Drone,Drones,4,89999,29,10,0,28
2026-05-18,SKU-103,AirPods Pro 3 (2026),Audio,20,28999,99,40,0,14
2026-05-18,SKU-102,Samsung Galaxy S25 Ultra Screen Protector,Mobile Accessories,58,599,483,150,0,5
2026-05-19,SKU-107,Apple Watch Series 10 Sport Band,Wearables,34,4999,4,60,0,10
2026-05-19,SKU-103,AirPods Pro 3 (2026),Audio,22,28999,77,40,0,14
2026-05-19,SKU-104,Meta Quest 4 VR Headset,Gaming,1,49999,38,20,0,21
